Chromosome,Locus,Ref,Variant,Size,Type,Line,Manual Correction,Final_Ref,Final_Variant,Final_Size,Final_Type,Novelty,Correction notes,Correction Type,Sequence  Annotation at Locus Notes,Variant annotation Notes,Gene,Genic location Type,Gene Summary,Regulatory Annotation Type,# Total genes affected,Hyperdivergent,Filter,Heterozygous,Transposon associated,Transposon Family,Repeat,Repeat Unit Size,Repeat Sequence
I,1567493,A,ACCGGCAAATTGCCGAAAATGAAAATCTCCGGCAAACCGGCAATTTGCTGATTTGCCGGAAAACTGGCAATTCCCCTCTAAACGTTTCCGGCAAATTTCCAGAGTTGACAATTTCCAGCAAACCGGCAATTTTCTGATTTGCCGGAAAAACGGCAAATTGCCCTCTAAACATTTCCGGCAAATCTGATATCCGGCAAATTGCCGAAAATGAAAATTTCCGGCAAACCGGCAATTTGCTGATTTGCCGGAAAACTGGCAATTCCCCTCTAAACGTTTCCGGCAAATTTCCAGAGTTGACAATTTCCAGCAAACCGGCAATTTTCTGATTTGCCGGAAAAACGGCAAATTGCCCTCTAAACATTTCCGGCAAATCTGATATCCGGCAAATTGCCGAAAATGAAAATTTCCGGCAAACCGGCAATTTGCTGATTTGCCGGAAAACTGGCAATTCCCCTCTAAACGTTTCCGGCAAATTGCCAGAGTTGACAATTTCCAGCAAACCGGCAATTTTCTGATTTGTCGGAAAAACGGCAAATTGCCCTCTAAACATTTCCGGCAAATTGCCAGAGTTGACAATTTCCAGCAAACCGGCAATTTGCTGATTTGCCGGAAAACTGGCAATTCCCCTCTAAACGTTTCCGGCAAATTGCCAGAGTTGACAATTTCCAGCAAACCGGCAATTTTCTGATTTGTCGGAAAAACGGCAAATTGCCCTCTAAACATTTCCGGCAAATTGCCAGAGTTGACAATTTCCAGCAAACCGGCAATTTGCTGATTTGCCGGAAAACTGGCAATTCCCCTCTAAACGTTTCCGGCAAATTGCCAGAGTTGACAATTTCCAGCAAACCGGCAATTTTCTGATTTGTCGGAAAAACGGCAAATTGCCCTCTAAACATTTCCGGCAAATTGCCAGAGTTGACAATTTCCAGCAAACCGGCAATTTGCTGATTTGCCGGAAAACTGGCAATTCCCCTCTAAACGTTTCCGGCAAATTGCCAGAGTTGACAATTTCCAGCAAACCGGCAATTTTCTGATTTGTCGGAAAAACGGCAAATTGCCCTCTAAACATTTCCGGCAAATTGCCAGAGTTGACAATTTCCAGCAAACCGGCAATTTGCTGATTTGCCGGAAAACTGGCAATTCCCCTCTAAACGTTTCCGGCAAATTGCCAGAGTTGACAATTTCCAGCAAACCGGCAATTTTCTGATTTGTCGGAAAAACGGCAAATTGCCCTCTAAACATTTCCGGCAAATTGCCAGAGTTGACAATTTCCAGCAAACCGGCAATTTTCTGATTTGTCGGAAAAACGGCAAATTGCCCTCTAAACATTTCCGGCAAATTGCCAGAGTTGACAATTTCCAGCAAACCGGCAATTTGCTGATTTGTCGGAAAAACGGCAAATTGCCCTCTAAACATTTCCGGCAAATTGCCAGAGTTGACAATTTCCAGCAAACCGGCAATTTGCTGATTTGCCGGAAAACTGGCAATTCCCCTCTAAACGTTTCCGGCAAATTGCCAGAGTTGACAATTTCCAGCAAACCGGCAATTTTCTGATTTGTCGGAAAAACGGCAAATTGCCCTCTAAACATTTCCGGCAAATTGCCAGAGTTGACAATTTCCAGCAAACCGGCAATTTGCTGATTTGCCGGAAAACTGGCAATTCCCCTCTAAACGTTTCCGGCAAATTGCCAGAGTTGACAATTTCCAGCAAACCGGCAATTTTCTGATTTGTCGGAAAAACGGCAAATTGCCCTCTAAACATTTCCGGCAAATTGCCAGAGTTGACAATTTCCAGCAAACCGGCAATTTGCTGATTTGCCGGAAAACTGGCAATTCCCCTCTAAACGTTTCCGGCAAATTGCCAGAGTTGACAATTTCCAGCAAACCGGCAATTTTCTGATTTGTCGGAAAAACGGCAAATTGCCCTCTAAACATTTCCGGCAAATCTGATAT,1952,Insertion,445,Yes,CCGGCAAATTGCCGAAAATGAAAATCTCCGGCAAACCGGCAATTTGCTGATTTGCCGGAAAACTGGCAATTCCCCTCTAAACGTTTCCGGCAAATTTCCAGAGTTGACAATTTCCAGCAAACCGGCAATTTTCTGATTTGCCGGAAAAACGGCAAATTGCCCTCTAAACATTTCCGGCAAATCTGATATCCGGCAAATTGCCGAAAATGAAAATTTCCGGCAAACCGGCAATTTGCTGATTTGCCGGAAAACTGGCAATTCCCCTCTAAACGTTTCCGGCAAATTTCCAGAGTTGACAATTTCCAGCAAACCGGCAATTTTCTGATTTGCCGGAAAAAACGGCAAATTGCCCTCTAAACATTTCCGGCAAATCTGATATCCGGCAAATTGCCGAAAATGAAAATTTCCGGCAAACCGGCAATTTGCTGATTTGCCGGAAAACTGGCAATTCCCCTCTAAACGTTTCCGGCAAATTGCCAGAGTTGACAATTTCCAGCAAACCGGCAATTTTCTGATTTGTCGGAAAAACGGCAAATTGCCCTCTAAACATTTCCGGCAAATTGCCAGAGTTGACAATTTCCAGCAAACCGGCAATTTGCTGATTTGCCGGAAAACTGGCAATTCCCCTCTAAAACGTTTCCGGCAAATTGCCAGAGTTGACAATTTCCAGCAAACCGGCAATTTTCTGATTTGTCGGAAAAACGGCAAATTGCCCTCTAAACATTTCCGGCAAATTGCCAGAGTTGACAATTTCCAGCAAACCGGCAATTTGCTGATTTGCCGGAAAACTGGCAATTCCCCTCTAAACGTTTCCGGCAAATTGCCAGAGTTGACAATTTCCAGCAAACCGGCAATTTTCTGATTTGTCGGAAAAACGGCAAATTGCCCTCTAAACATTTCCGGCAAATTGCCAGAGTTGACAATTTCCAGCAAACCGGCAATTTGCTGATTTGCCGGAAAACTGGCAATTCCCCTCTAAACGTTTCCGGCAAATTGCCAGAGTTGACAATTTCCAGCAAACCGGCAATTTTCTGATTTGTCGGAAAAACGGCAAATTGCCCTCTAAACATTTCCGGCAAATTGCCAGAGTTGACAATTTCCAGCAAACCGGCAATTTGCTGATTTGCCGGAAAACTGGCAATTCCCCTCTAAACGTTTCCGGCAAATTGCCAGAGTTGACAATTTCCAGCAAACCGGCAATTTTCTGATTTGTCGGAAAAACGGCAAATTGCCCTCTAAACATTTCCGGCAAATTGCCAGAGTTGACAATTTCCAGCAAACCGGCAATTTTCTGATTTGTCGGAAAAACGGCAAATTGCCCTCTAAAACATTTCCGGCAAATTGCCAGAGTTGACAATTTCCAGCAAACCGGCAATTTGCTGATTTGTCGGAAAAACGGCAAATTGCCCTCTAAACATTTCCGGCAAATTGCCAGAGTTGACAATTTCCAGCAAACCGGCAATTTGCTGATTTGCCGGAAAACTGGCAATTCCCCTCTAAACGTTTCCGGCAAATTGCCAGAGTTGACAATTTCCAGCAAACCGGCAATTTTCTGATTTGTCGGAAAAACGGCAAATTGCCCTCTAAACATTTCCGGCAAATTGCCAGAGTTGACAATTTCCAGCAAACCGGCAATTTGCTGATTTGCCGGAAAAACTGGCAATTCCCCTCTAAACGTTTCCGGCAAATTGCCAGAGTTGACAATTTCCAGCAAACCGGCAATTTTCTGATTTGTCGGAAAAACGGCAAATTGCCCTCTAAACATTTCCGGCAAATTGCCAGAGTTGACAATTTCCAGCAACCGGCAATTTGCTGATTTGCCGGAAAACTGGCAATTCCCCTCTAAACGTTTCCGGCAAATTGCCAGAGTTGACAATTTCCAGCAAACCGGCAATTTCTGATTTGTCGGAAAAACGGCAAATTGCCCTCTAAACATTTCCGGCAAATTGCCAGAGTTGACAATTTCCAGCAAACCGGCAATTTGCTGATTTGCCGGAAAACTGGCAATTCCCCTCTAAACGTTTCCGGCAAATTGCCAGAGTTGACAATTTCCAGCAAACCGGCAATTTTCTGATTTGTCGGAAAAACGGCAAATTGCCCTCTAAACATTTCCGGCAAATTGCCAGAGTTGACAATTTCCAGCAAACCGGCAATTTTCTGATTTGTCGGAAAAACGGCAAATTGCCCTCTAAACATTTCCGGCAAATTGCCAGAGTTGACAATTTCCAGCAAACCGGCAATTTGCTGATTTGTCGGAAAAACGGCAAATTGCCCTCTAAACATTTCCGGCAAATTGCAGAGTTGACAATTTCCAGCAAACCGGCAATTTGCTGATTTGCCGGAAAACTGGCAATTCCCCTCTAAACGTTTCCGGCAAATTGCCAGAGTTGACAATTTCCAGCAAAACCGGCAATTTTCTGATTTGTCGGAAAAACGGCAAATTGCCCTCTAAACATTTCCGGCAAATTGCCAGAGTTGACAATTTCCAGCAAACCGGCAATTTGCTGATTTGCCGGAAAACTGGCAATTCCCCTCTAAACGTTTCCGGCAAATTGCCAGAGTTGACAATTTCCAGCAAACCGGCAATTTTCTGATTTGTCGGAAAAACGGCAAATTGCCCTCTAAACATTTCCGGCAAATTGCCAGAGTTGACAATTTTCCAGCAAACCGGCAATTTTCTGATTTGTCGGAAAAACGGCAAATTGCCCTCTAAACATTTCCGGCAAATTGCCAGAGTTGACAATTTCCAGCAAACCGGCAATTTGCTGATTTGTCGGAAAAACGGCAAATTGCCCTCTAAACATTTCCGGCAAATTGCCAGAGTTTGACAATTTCCAGCAAACCGGCAATTTGCTGATTTGCCGGAAAACTGGCAATTCCCCTCTAAACGTTTCCGGCAAATTGCCAGAGTTGACAATTTCCAGCAAACCGGCAATTTTCTGATTTGTCGGAAAAACGGCAAATTGCCCTCTAAACATTTCCGGCAAATTGCCAGAGTTGACAATTTCCAGCAAACCGGCAATTTGCTGATTTGCCGGAAAACTGGCAATTCCCCTCTAAACGTTTCCGGCAAATTGCCAGAGTTGACAATTTCCAGCAAACCGGCAATTTTCTGATTTGTCGGAAAAAACGGCAAATTGCCCTCTAAACATTTCCGGCAAATCTGATAT,CCGGCAAATTGCCGAAAATGAAAATCTCCGGCAAACCGGCAATTTGCTGATTTGCCGGAAAACTGGCAATTCCCCTCTAAACGTTTCCGGCAAATTTCCAGAGTTGACAATTTCCAGCAAACCGGCAATTTTCTGATTTGCCGGAAAAACGGCAAATTGCCCTCTAAACATTTCCGGCAAATCTGATATCCGGCAAATTGCCGAAAATGAAAATTTCCGGCAAACCGGCAATTTGCTGATTTGCCGGAAAACTGGCAATTCCCCTCTAAACGTTTCCGGCAAATTTCCAGAGTTGACAATTTCCAGCAAACCGGCAATTTTCTGATTTGCCGGAAAAACGGCAAATTGCCCTCTAAACATTTCCGGCAAATCTGATATCCGGCAAATTGCCGAAAATGAAAATTTCCGGCAAACCGGCAATTTGCTGATTTGCCGGAAAACTGGCAATTCCCCTCTAAACGTTTCCGGCAAATTGCCAGAGTTGACAATTTCCAGCAAACCGGCAATTTTCTGATTTGTCGGAAAAACGGCAAATTGCCCTCTAAACATTTCCGGCAAATTGCCAGAGTTGACAATTTCCAGCAAACCGGCAATTTGCTGATTTGCCGGAAAACTGGCAATTCCCCTCTAAACGTTTCCGGCAAATTGCCAGAGTTGACAATTTCCAGCAAACCGGCAATTTTCTGATTTGTCGGAAAAACGGCAAATTGCCCTCTAAACATTTCCGGCAAATTGCCAGAGTTGACAATTTCCAGCAAACCGGCAATTTGCTGATTTGCCGGAAAACTGGCAATTCCCCTCTAAACGTTTCCGGCAAATTGCCAGAGTTGACAATTTCCAGCAAACCGGCAATTTTCTGATTTGTCGGAAAAACGGCAAATTGCCCTCTAAACATTTCCGGCAAATTGCCAGAGTTGACAATTTCCAGCAAACCGGCAATTTGCTGATTTGCCGGAAAACTGGCAATTCCCCTCTAAACGTTTCCGGCAAATTGCCAGAGTTGACAATTTCCAGCAAACCGGCAATTTTCTGATTTGTCGGAAAAACGGCAAATTGCCCTCTAAACATTTCCGGCAAATTGCCAGAGTTGACAATTTCCAGCAAACCGGCAATTTGCTGATTTGCCGGAAAACTGGCAATTCCCCTCTAAACGTTTCCGGCAAATTGCCAGAGTTGACAATTTCCAGCAAACCGGCAATTTTCTGATTTGTCGGAAAAACGGCAAATTGCCCTCTAAACATTTCCGGCAAATTGCCAGAGTTGACAATTTCCAGCAAACCGGCAATTTTCTGATTTGTCGGAAAAACGGCAAATTGCCCTCTAAACATTTCCGGCAAATTGCCAGAGTTGACAATTTCCAGCAAACCGGCAATTTGCTGATTTGTCGGAAAAACGGCAAATTGCCCTCTAAACATTTCCGGCAAATTGCCAGAGTTGACAATTTCCAGCAAACCGGCAATTTGCTGATTTGCCGGAAAACTGGCAATTCCCCTCTAAACGTTTCCGGCAAATTGCCAGAGTTGACAATTTCCAGCAAACCGGCAATTTTCTGATTTGTCGGAAAAACGGCAAATTGCCCTCTAAACATTTCCGGCAAATTGCCAGAGTTGACAATTTCCAGCAAACCGGCAATTTGCTGATTTGCCGGAAAACTGGCAATTCCCCTCTAAACGTTTCCGGCAAATTGCCAGAGTTGACAATTTCCAGCAAACCGGCAATTTTCTGATTTGTCGGAAAAACGGCAAATTGCCCTCTAAACATTTCCGGCAAATTGCCAGAGTTGACAATTTCCAGCAAACCGGCAATTTGCTGATTTGCCGGAAAACTGGCAATTCCCCTCTAAACGTTTCCGGCAAATTGCCAGAGTTGACAATTTCCAGCAAACCGGCAATTTTCTGATTTGTCGGAAAAACGGCAAATTGCCCTCTAAACATTTCCGGCAAATCTGATAT,-1218,Deletion,No,"3.1KB insertion present in both Ancestor, and459, whereas only a 1.9K insertion present in 445, so technically it's a deletion.  The original insertion found in PB306 is also found in Hawaii","Existing variant in the ancestor, second called in line","The site carries an inverted repeat (according to wormbase) - AAACCGGCAAATTGCCGAAAATGAAAATTTCCGGCAAACCGG, and the inserted sequence has partial homology to this inverted repeat.  The inserted / deleted sequence has a repeat - TGCCAGAGTTGACAATTTCCAGCAAACCGGCAATTTGCTGATTTGCCGGAAAACTGGCAATTCCCCTCTAAACGTTTCCGGCAAATTGCCAGAGTTGACAATTTCCAGCAAACCGGCAATTTTCTGATTTGTCGGAAAAACGGCAAATTGCCCTCTAAACATTTCCGGCAAAT - another imperfect repeat (checked with D- fold)",102-bp upstream of the src-1 gene,src-1,5' Upstream,"Enables netrin receptor binding activity and non-membrane spanning protein tyrosine kinase activity. Involved in several processes, including anatomical structure morphogenesis; axis specification; and peptidyl-tyrosine autophosphorylation. Located in contractile fiber and phagocytic cup. Expressed in several structures, including anchor cell; anus; distal tip cell; head neurons; and vulval cell. Human ortholog(s) of this gene implicated in several diseases, including Alzheimer's disease; diabetes (multiple); gastrointestinal system cancer (multiple); and lung non-small cell carcinoma (multiple). Is an ortholog of human FYN (FYN proto-oncogene, Src family tyrosine kinase); SRC (SRC proto-oncogene, non-receptor tyrosine kinase); and YES1 (YES proto-oncogene 1, Src family tyrosine kinase).",100-bp Upstream of Transcription Factor Binding Site,1,Yes,PASS,No,No,-,Yes,174,TGCCAGAGTTGACAATTTCCAGCAAACCGGCAATTTGCTGATTTGCCGGAAAACTGGCAATTCCCCTCTAAACGTTTCCGGCAAATTGCCAGAGTTGACAATTTCCAGCAAACCGGCAATTTTCTGATTTGTCGGAAAAACGGCAAATTGCCCTCTAAACATTTCCGGCAAAT
I,2179880,T,TCTCTCTCTCTCTCTCTCTCTCTCTCTCTCTCTCTCTCTCTCTCTCTCTCTCTCTCTCTCTCTCTCTCTCTCTCTCTCTCTCTCTCTCTCTCTCTCTCTCTCTCTCTCTCTCTCTCTCTCTCTCTCTCTCTCTCTCTCTCTCTCTCTCTCTCTCTCTCTCTCTCTCTCTCTCTCTCTCTCTCTCTCTCTCTCTCTCTCTCTCTCTCTCTCTCTCTCTCTCTCTCTCTCTCTCTCTCTCTCTCTCTCTCTCTCTCTCTCTCTCTCTCTCTCTCTCTCTCTCTCTCTCTCTCTCTCTCTCTCTCTCTCTCTCTCTCTCTCTCTCTCTCTCTCTCTCTCTCTCTCTCTCTCTCTCTCTCTCTCTCTCTCTCTCTCTCTCTCTCTCTCTCTCTCTCTCTCTCTCTCTCTCTCTCTCTCTCTCTCT,420,Insertion,445,Yes,TCTCTCTCTCTCTCTCTCTCTCTCTCTCTCTCTCTCTCTCTCTCTCTCTCTCTCTCTCTCTCTCTCTCTCTCTCTCTCTCTCTCTCTCTCTCTCTCTCTCTCTCTCTCTCTCTCTCTCTCTCTCTCTCTCTCTCTCTCTCTCTCTCTCTCTCTCTCTCTCTCTCTCTCTCTCTCTCTCTCTCTCTCTCTCTCTCTCTCTCTCTCTCTCTCTCTCTCTCTCTCTCTCTCTCTCTCTCTCTCTCTCTCTCTCTCTCTCTCTCTCTCTCTCTCTCTCTCTCTCTCTCTCTCTCTCTCTCTCTCTCTCTCTCTCTCTCTCTCTCTCTCTCTCTCTCTCTCTCTCTCTCTCTCTCTCTCTCTCTCTCTCTCTCTCTCTCTCTCTCTCTCTCTCTCTCTCTCTCTCTCTCTCTCTCTCTCTCTCTCTCTCTCTCTCTCTCTCTCTCTCTCTCTCTCTCTCTCTCTCTCTCTCTCTCTCTCTCTCTCTCTCTCTCTCTCTCTCTCTCTCTCTCTCTCTCTCTCTCTCTCTCTCTCTCTCTCTCTCTCTCTCTCTCTCTCTCTCTCTCTCTCTCTCTCTCTCTCTCTCTCTCTCTCTCTCTCTCTCTCTCTCTCTCTCTCTCTCTCTCTCTCTCTCTCTCTCTCTCTCTCTCTCTCTCTCTCTCTCTCTCTCTCTCTCTCTCTCTCTCTCTCTCTCTCTCTCTCTCTCTCTCTCTCTCTCTCTCTCTCTCTCTCTCTCTCTCTCTCTCTCTCTCTCTCTCTCTCTCTCTCTCTCTCTCTCTCTCTCTCTCTCTCTCTCTCTCTCTCTCTCTCTCTCTCTCTCTCTCTCTCTCTCTCTCTCTCTCTCTCTCTCTCTCTCTCTCTCTCTCTCTCTCTCTCTCTCTCTCTCTCTCTCT,TCTCTCTCTCTCTCTCTCTCTCTCTCTCTCTCTCTCTCTCTCTCTCTCTCTCTCTCTCTCTCTCTCTCTCTCTCTCTCTCTCTCTCTCTCTCTCTCTCTCTCTCTCTCTCTCTCTCTCTCTCTCTCTCTCTCTCTCTCTCTCTCTCTCTCTCTCTCTCTCTCTCTCTCTCTCTCTCTCTCTCTCTCTCTCTCTCTCTCTCTCTCTCTCTCTCTCTCTCTCTCTCTCTCTCTCTCTCTCTCTCTCTCTCTCTCTCTCTCTCTCTCTCTCTCTCTCTCTCTCTCTCTCTCTCTCTCTCTCTCTCTCTCTCTCTCTCTCTCTCTCTCTCTCTCTCTCTCTCTCTCTCTCTCTCTCTCTCTCTCTCTCTCTCTCTCTCTCTCTCTCTCTCTCTCTCTCTCTCTCTCTCTCTCTCTCTCTCTCTCT,-466,Deletion,No,"886-bp insertion present in both the ancestor and in 459, whereas 459 only carried a 420-bp insertion, so it's technically a deletion","Existing variant in the ancestor, second called in line","""CT"" Dinucleotide tandem repeat",In the middle of a 10-kb intron,afd-1,Intron,"Predicted to enable cell adhesion molecule binding activity. Predicted to be involved in regulation of protein localization. Predicted to be located in adherens junction. Human ortholog(s) of this gene implicated in Parkinson's disease and breast carcinoma. Is an ortholog of human AFDN (afadin, adherens junction formation factor).",Transcription Factor Binding Site,1,No,PASS,No,No,-,Yes,2,CT
II,1432706,C,CTTTTTTTTTCAATTTTATAGGAAAAAAAATTCGATTTTTTTTTGAAAGCAAAATTCTCTACAAAAATTAAAAAAAAAACATTTCAAAGCATTATTTCGGACAATTTTTGTAATTTTTTTTCCAAAAGCGACAATATTGTAGTTTGTAGTCTGGCAGACCCAAATTTTGACTCAATTGAATTTTTGTTGAAAATCGAATTTTTTTTTCAATTTTTCGGGGGAAACCCTTTTTTAATCGATCTTTTAAACTTTTTATCTGAATCGCCCGAAAATTTCGTTATGTTTTCTGATTAAAACAAAAAAACAAAAACCTATTTTCTGTTACAACTGCAGAAATTTCTTGAAAAAATAGTGAAAAATTCCAATTTCCGACAAAAAAAAATAATTTTCCAACCGGTTGTAAACGCGCTCCAACGAAAAAATCACTATTTTGAAGCT,437,Insertion,445,No,C,CTTTTTTTTTCAATTTTATAGGAAAAAAAATTCGATTTTTTTTTGAAAGCAAAATTCTCTACAAAAATTAAAAAAAAAACATTTCAAAGCATTATTTCGGACAATTTTTGTAATTTTTTTTCCAAAAGCGACAATATTGTAGTTTGTAGTCTGGCAGACCCAAATTTTGACTCAATTGAATTTTTGTTGAAAATCGAATTTTTTTTTCAATTTTTCGGGGGAAACCCTTTTTTAATCGATCTTTTAAACTTTTTATCTGAATCGCCCGAAAATTTCGTTATGTTTTCTGATTAAAACAAAAAAACAAAAACCTATTTTCTGTTACAACTGCAGAAATTTCTTGAAAAAATAGTGAAAAATTCCAATTTCCGACAAAAAAAAATAATTTTCCAACCGGTTGTAAACGCGCTCCAACGAAAAAATCACTATTTTGAAGCT,437,Insertion,No,-,-,"Tandem duplication; the insert originates at the locus, but is not perfectly found at the locus",In the middle of a 1-kb intron,nol-6,Intron,Predicted to enable R- binding activity. Involved in negative regulation of innate immune response. Predicted to be located in condensed nuclear chromosome and nucleolus. Predicted to be part of CURI complex; UTP-C complex; and small-subunit processome. Is an ortholog of human NOL6 (nucleolar protein 6).,None,1,Yes,PASS,No,No,-,No,-,-
III,5285253,C,CAGGGTAGACTAGGTCTGCCTGAGGTAGGCTAGGTCTGCCTAGGGTAGGCTAGGTCTGCCTAGGGTAGACTAGGTCTGCCT,80,Deletion,445,Yes,T,TAGGGTAGACTAGGTCTGCCTGAGGTAGGCTAGGTCTGCCTAGGGTAGGCTATGGTAGGCTAGGTCTGCCTAGGGTAGGCTAGGTCTGCCCCAGGGTAGACTAGGTCTGCCTGAGGTAGGCTAGGTCTGCCTAGGGTAGGCTAGGTCTGCCTAGGGTAGACTAGGTCTGCCT,170,Insertion,No,The ancestor contains a deletion at this locus (so does the other MA line) and the focal MA line contains no deletion but an insertion.  2/42 reads contain the deletion as well. Potential heterozygous,"Existing variant in the ancestor, second called in line","Intergenic; low complexity region, multiple copies of a 2-mer present",800-bp upstream of the gene; 4 extra copies of a 20-mer added,ZC395.11,5' Upstream,Enriched in NSM based on tiling array studies. Is affected by ifg-1 based on microarray studies. Is affected by Humic Substances based on microarray studies.,Predicted Binding Site for R- silencing,1,No,PASS,Yes,No,-,Yes,20,AGGGTAGACTAGGTCTGCCT
IV,4314363,GGATTTTTAATCGAAAATTCATCTAATTTTT,G,-30,Deletion,445,No,GGATTTTTAATCGAAAATTCATCTAATTTTT,G,-30,Deletion,No,-,-,The locus contains 5 copies of a 30-mer separating the two exons; Deletion of 1 of those copies happened,Deletion in the middle of a small 150-bp intron.  This 30-bp sequences has several matches on multiple chromosomes,set-9,Exon Intron boundary,Predicted to enable histone-lysine N-methyltransferase activity and metal ion binding activity. Involved in determination of adult lifespan. Predicted to be located in nucleus. Human ortholog(s) of this gene implicated in autosomal dominant non-syndromic intellectual disability 23. Is an ortholog of human SETD5 (SET domain containing 5).,Transcription Factor Binding Site,1,No,PASS,No,No,-,Yes,30,GATTTTTAATCGAAAATTCATCTAATTTTT
IV,6469625,A,ATTTTTCGTGTAACAATCTATTTTTCGTGTAACAATCTATTTTTCGTGTAACAATCTATTTTTTCGTGTAACAATCTATTTTTCGTGTAACAATCTATTTTTTCGTGTAACAATCTATTTTTCGTGTAACAATCTATTTTTTTGTGTAACAATCTATTTTTCGTGTAACAATCTATTTTTTCGTGTAACAATCTATTTTTCGTGTAACAATCTATTTTTCGTGTAACAATCTATTTTTTTGTGTAACAATCTATTTTTCGTGTAACAATCTATTTTTTTGTGTAACAATCTATTTTTCGTGTAACAATCTATTTTTCGTGTAACAATCTATTTTTTCGTGTAACAATCTATTTTTCGTGTAACAATCTATTTTTCGTGTAACAATCTATTTTTCGTGTAACAATCTATTTTTCGTGTAACAATCTATTTTTTCGTGTAACAATCTATTTTTCGTGTAACAATCTATTTTTCGTGTAACAATCTATTTTTTCGTGTAACAATCTATTTTTCGTGTAACAATCTATTTTTTCGTGTAACAATCTATTTTTCGTGTAACAATCTATTTTTTTGTGTAACAATCTATTTTTCGTGTAACAATCTATTTTTTCGTGTAACAATCTATTTTTCGTGTAACAATCTATTTTTTCGTGTAACAATCTATTTTTCGTGTAACAATCTATTTTTTCGTGTAACAATCTATTTTTCGTGTAACAATCTATTTTTTCGTGTAACAATCTATTTTTCGTGTAACAATCTATTTTTTCGTGTAACAATCTATTTTTCGTGTAACAATCTATTTTTCGTGTAACAATCTATTTTTTCGTGTAACAATCTATTTTTCGTGTAACAATCTATTTTTTCGTGTAACAATCTATTTTTTCGTGTAACAATCTATTTTTTCGTGTAACAATCTATTTTTTCGTGTAACAATCTATTTTTTCGTGTAACAATCTATTTTTCGTGTAACAATCTATTTTTTCGTGTAACAATCTATTTTTCGTGTAACAATCTATTTTTGTGTAACAATCTA,1029,Insertion,445,Yes,ATTTTTCGTGTAACAATCTATTTTTTCGTGTAACAATCTATTTTTCGTGTAACAATCTATTTTTTCGTGTAACAATCTATTTTTCGTGTAACAATCTATTTTTTTGTGTAACAATCTATTTTTCGTGTAACAATCTATTTTTTCGTGTAACAATCTATTTTTCGTGTAACAATCTATTTTTTCGTGTAACAATCTATTTTTCGTGTAACAATCTATTTTTTCGTGTAACAATCTATTTTTCGTGTAACAATCTATTTTTTCGTGTAACAATCTATTTTTCGTGTAACAATCTATTTTTTCGTGTAACAATCTATTTTTTCGTGTAACAATCTATTTTTCGTGTAACAATCTATTTTTCGTGTAACAATCTATTTTTCGTGTAACAATCTATTTTTTCGTGTAACAATCTATTTTTTCGTGTAACAATCTATTTTTCGTGTAACAATCTATTTTTTCGTGTAACAATCTATTTTTTCGTGTAACAATCTATTTTTCGTGTAACAATCTATTTTTTCGTGTAACAATCTATTTTTCGTGTAACAATCTATTTTTTCGTGTAACAATCTATTTTTGTGTAACAATCTA,ATTTTTCGTGTAACAATCTATTTTTCGTGTAACAATCTATTTTTCGTGTAACAATCTATTTTTTCGTGTAACAATCTATTTTTCGTGTAACAATCTATTTTTTCGTGTAACAATCTATTTTTCGTGTAACAATCTATTTTTTTGTGTAACAATCTATTTTTCGTGTAACAATCTATTTTTTCGTGTAACAATCTATTTTTCGTGTAACAATCTATTTTTCGTGTAACAATCTATTTTTTTGTGTAACAATCTATTTTTCGTGTAACAATCTATTTTTTTGTGTAACAATCTATTTTTCGTGTAACAATCTATTTTTCGTGTAACAATCTATTTTTTCGTGTAACAATCTATTTTTCGTGTAACAATCTATTTTTCGTGTAACAATCTATTTTTCGTGTAACAATCTATTTTTCGTGTAACAATCTATTTTTTCGTGTAACAATCTATTTTTCGTGTAACAATCTATTTTTCGTGTAACAATCTATTTTTTCGTGTAACAATCTATTTTTCGTGTAACAATCTATTTTTTCGTGTAACAATCTATTTTTCGTGTAACAATCTATTTTTTTGTGTAACAATCTATTTTTCGTGTAACAATCTATTTTTTCGTGTAACAATCTATTTTTCGTGTAACAATCTATTTTTTCGTGTAACAATCTATTTTTCGTGTAACAATCTATTTTTTCGTGTAACAATCTATTTTTCGTGTAACAATCTATTTTTTCGTGTAACAATCTATTTTTCGTGTAACAATCTATTTTTTCGTGTAACAATCTATTTTTCGTGTAACAATCTATTTTTCGTGTAACAATCTATTTTTTCGTGTAACAATCTATTTTTCGTGTAACAATCTATTTTTTCGTGTAACAATCTATTTTTTCGTGTAACAATCTATTTTTTCGTGTAACAATCTATTTTTTCGTGTAACAATCTATTTTTTCGTGTAACAATCTATTTTTCGTGTAACAATCTATTTTTTCGTGTAACAATCTATTTTTCGTGTAACAATCTATTTTTGTGTAACAATCTA,445,Insertion,No,"Existing variation of ~500-bp in the Anc and 459, and 445 contains ~1000-bp insertion","Existing variant in the ancestor, second called in line","Low complexity region, contains several copies of a 19-mer that is mutated in several copies",Expansion of a 19-mer repeat; 300-bp upstream of the gene,med-13,5' Upstream,Predicted to be involved in Golgi organization; endoplasmic reticulum to Golgi vesicle-mediated transport; and intracellular protein transport. Predicted to be located in intracellular membrane-bounded organelle.,DNaseI Hypersensitive Site,1,No,PASS,No,No,No,Yes,19,CAATCTATTTTTCGTGTAA
X,1137242,CTTATATGATTTTAAACCCGACTCTGGACATACAAACTTCTCACAAAAGAAAATAGACTTCACATGTACACTTCTCCCATAATGACTGTAAGAATGGACTCCTTATATGATTTTAAACCCGACTCTGGACATACAAACTTCTCACAAAAGAAAATAGACTTCACATGTACACTTCTCCCATAATGACTGTAAGAATGGACTCCTTATATGATTTTAAACCCGACTCTGGACATACAAACTTCTCACAAAAGAAAATAGACTTCACATGTACACTTCTCCCATAATGACTGTAAGAATGGACTCCTTATATGATTTTAAACCCGACTCTGGACATACAAACTTCTCACAAAAGAAAATAGATTTCACATGTACACTTCTCCCATAATAACTGTAAGAATGGACTCT,C,-404,Deletion,445,Yes,CAAAAGAAAATAGACTTCACATGTACACTTCTCCCATAATGACTGTAAGAATGGACTCCTTATATGATTTTAAACCCGACTCTGGACATACAAACTTCTCACAAAAGAAAATAGACTTCACATGTACACTTCTCCCATAATGACTGTAAGAATGGACTCCTTATATGATTTTAAACCCGACTCTGGACATACAAACTTCTCAC,C,-202,Deletion,No,"Two deletions already exist in the ancestor of a repeat sequence, and the MA line has two further copies deleted","Existing variant in the ancestor, second called in line",Low complexity region with a ~100-bp region repeating,Deletion in a ~5300-bp intron,R193.2,Intron,Predicted to be located in membrane. Predicted to be integral component of membrane. Human ortholog(s) of this gene implicated in Ullrich congenital muscular dystrophy and dystonia 27. Is an ortholog of human COL6A3 (collagen type VI alpha 3 chain).,,1,No,PASS,No,No,-,Yes,97,TGACTGTAAGAATGGACTCCTTATATGATTTTAAACCCGACTCTGGACATACAAACTTCTCACAAAAGAAAATAGACTTCACATGTACACTTCTCCC
X,2265806,GGAAGTCGAGGAATTGTGTAGCAAACCGATCGGTGCTGAAATTAGGTAGATTTGAATGAGTTGCA,G,-64,Deletion,445,No,GGAAGTCGAGGAATTGTGTAGCAAACCGATCGGTGCTGAAATTAGGTAGATTTGAATGAGTTGCA,G,-64,Deletion,No,-,-,"No low complexity sequences, deletion starts at the end of an exon and continues into a 2kb intron",Short deletion at the exon intron boundary,AH9.6,Exon Intron boundary,Predicted to be located in membrane. Predicted to be integral component of membrane.,None,1,No,PASS,No,No,-,No,-,-
X,3612190,GTCTAGCGGAGGAAGGTTGGAAAAAAATACAAGCGAAAACAATTGAAAAATGAATAAGATTCTCCCGAGTTGATACCTTGCATTTGCGCATTTTTTTTTGATAGAAAATGTGTTTAATAATCTAGCATGAGAACACAATTATTTAAAAAAAAAAAACTCAACAAAAAAAATTAAGACCATGGTTCTTAATTTTTAGGTACCCAATGAGTAAGCACTTTGTTTCAAAAAAACGCAGGATTTTTTTTAGTTTTGAGTTCAATTAAAATAAATTATAATTTCAAAACAAAACGGTTCCATAGGAAAAAAGTTATTTTCACAATTGCTTTCGTTGGTCATAATTTTATTAGAAAATAAATTCAGTTTCAAATTTTTCAAAGGAATACTAACAAGCCGTGGTGATGACGAATAATGTAA,G,-413,Deletion,445,No,GTCTAGCGGAGGAAGGTTGGAAAAAAATACAAGCGAAAACAATTGAAAAATGAATAAGATTCTCCCGAGTTGATACCTTGCATTTGCGCATTTTTTTTTGATAGAAAATGTGTTTAATAATCTAGCATGAGAACACAATTATTTAAAAAAAAAAAACTCAACAAAAAAAATTAAGACCATGGTTCTTAATTTTTAGGTACCCAATGAGTAAGCACTTTGTTTCAAAAAAACGCAGGATTTTTTTTAGTTTTGAGTTCAATTAAAATAAATTATAATTTCAAAACAAAACGGTTCCATAGGAAAAAAGTTATTTTCACAATTGCTTTCGTTGGTCATAATTTTATTAGAAAATAAATTCAGTTTCAAATTTTTCAAAGGAATACTAACAAGCCGTGGTGATGACGAATAATGTAA,G,-413,Deletion,No,-,-,"The region contains some low complexity repeats, but they don't correspond to the deletion","The region contains some low complexity repeats, but they don't correspond to the deletion.  Exists 700-bp upstream of a gene, and starts ~10 bp downstream a TF binding site",del-9,5' Upstream,Predicted to enable ligand-gated sodium channel activity. Predicted to be involved in sodium ion transmembrane transport. Predicted to be integral component of plasma membrane.,Transcription Factor Binding Site,1,No,PASS,No,No,-,No,-,-
X,8392888,GCCTAGTCAGTTGTAAAATTCGGTCGTGATTTGCTCATCCTCCTCCTTCAGGCCATT,G,-56,Deletion,445,No,GCCTAGTCAGTTGTAAAATTCGGTCGTGATTTGCTCATCCTCCTCCTTCAGGCCATT,G,-56,Deletion,No,-,-,"3' Downstream region of a gene, no low complexity sequences","The variant is 40bp downstream of a gene, and the deletion overlaps with a TF binding site",F41D9.12,3' Downstream,Is affected by cep-1 based on RNA-seq studies.,Transcription Factor Binding Site,1,No,PASS,No,No,-,No,-,-
I,6734883,T,TATTTAAGTCAAGTTCCTGTCCACAGAACTTGAATCCAATCCAGTAAACGAGACCAAAAGGAAGAGAAAAACACGATTTTTAAGAACTCTCAAATAAATTTATTGAGAGAAAGAGGAAAAGTATACAAAAACCAAGGAACTGGAGAAGAATCAACACTAAACCAGAAACCTTCAAAGAAACAGGCAGAGCGCCAGAAATCCAAGAAAAACAATAAAAGACTATAAAAATAAGCCAACAACAGGCCAAAACCACTGAAACTGGAGCTCTAACAACGAGTCCACACGCTGTGTCCGAGCAAAATCCCAGAATGAGGAAGAATCCTCGAAAAAAGATGACAAAAACTGATTTCGCGCCAGAATCGAGAAGTGCGCCAGCGTGAGAGTGCGTCAGTCATCTTTGCTTGCGCAAAAGATATTTTTAAATAAAGATTTGAGGTCTGGAATTACCCTTTGAGCTAATCGGAGAGAATTAAGAGAAAAACGGGTTAAACCCGACATCTCCCGGTTTTTCAAGCTCAACCTCCCTTATTCAAAAACGACGTACATCTCACCCATTAGGCATAACACAACTGATCATTATCACAGCACTCATCAGCAAGGGGAAAATATAAAAAAAAATTAAAAATACTACGGAACCTAATAGGGAAATGAGGGAAATGAATTCAAATAATAGACGGATCCTAACTTAAGAATTAATAACCTAGAACTCAAGGGTGGGGGACAAAATTATAAGAAAAATAACCAAAAAATTATTAAAACAACAAATAATTATGAAATGATAATTAACATAAGAACAAAGAATTATAACGTTCAACAAAATCAATTAAGGGCTCATTTTTTACGCCCGTATGGAGTGAAATGATGATATACACGATTGTGATTTCCTCGTTTGACCATTCTATCCTCAAACGTTCTTACAGTGGACGCAGACTTCATAGACGTCGAGGCTTCACAGTCTGAGTTTTTGACAGGAGTATCACTGGTACAGCGTTTTAACTCAAACGCTTTCCATTCCATTCCAACTTCCTTAGCACGAGTTTGTACAGCTTTCCAGTACTCCACTTTACCGGCTAAAGCTGTCATTTCGAGAGTCTTTCTTGGATGAGCTTCCAACCTATCATGAAGCGATATTATTTCCAAATAACCATCATCTACTCGACGACATTTTTGCAGGATGGATGTGAATTCCACTAGAAGAGCATGATCTTCCAATTCGTCAGGAGTCATGTTGGACACTACCAGTATTTTAGTTTCTTCCGAGATTTTTGCAATAAGCCGATTCCAACAATCAACTAGCTCGACATCAATTGTGAATGGAATAACCAGAACTATCATCTTGAATCTTTCTCGGCAACATTTCTTCTGAAGAGCAATCAGAGTTTCCTCATCATAGTCAGTACAGACGAAGCAGTTCTTCGTGGAAACCGGCAGGTCTTCCAATCGCAATCCATCAGCTAGAATGAGCATAGTTCCGGGACCATTTAAAATGTCACCGCAATTTTCATTGAGCAACTTGTCCACGTAGCGATTGTACGAATTTTCCCATCCAAGTTCAGCGACGTATGTCCACAGAGAGGAGCATCCGATCATATCCTTGAATAAGTTATCCATCATCTTATCCGGCAGAGTTATTTGCAATGGTGACGGCAGCGGGCGGCTTGACATTGCCATCAGCTGTTTTGGATCGATCTTTCTATTTCCCGATTTCTCCATAATGCAGTACATTCGATAAAGCTGAGTTGGTGATGGCGTATGGGCTTCAGGGACAAGAGTCATATTGAACATACAAGGCTTCAGAGCACATCGGCAGATATATCGACAACTGAAACAAGAATTTTCATTATTTTCAGATACAACAGTAATTTCATCACAATAAATTTCTGGTTCAGGTTTTTTAGATCTCCCCTTCTTAGTCACTATTAGTATATCTGGCATTGCTTCTGGTATAACTCTCAAATTTTCAAACGGAATTTGCAAAATGTGCTTCCGTTTTCCCAGTACAGGTGTGATCTCCGCCGAATTCTCTGAACAACTGATAACTCTATACGGTCCGCTCCACTTATTTACTAATTTAGGACATTGAGCTCCTAGTTTCTCCGATGGAATTTCTAACAAAACTCGACTCCCCGGTTGAGGAAATCTGTGTTTCTTTGATGCATACTTCTGATCGAACAAACTTTTATAAGATTCTTGTTCTCTCATCGCATGCTCTTTGGCTATCTTCTGAACTTTTAACAACTCCTGAGTAAGTAAATGCTTATACTCATCCATATCAGCATAATTAATGCCAACGGCATCTTCCCCGGACATTTCAAGTGGGCCCATAACATCTCTTCCATGCATCAAAAACATCGGTGTCTCTCCCGTATTTTCGTGTACACAATTATTATAAGCATACACCGCATACACTACTTGATCGTCCCATTCCATAGGAACCGCAGTCTTCTTCTTCATTATATGCATAATCGTTTTGTTAAATCTTTCCACGGCTCCATTGGCTCTACTGTTGTACCCCTTAGTTGTTATATGCTCAATCTTCAACATGTGTGTGAATTGTGCAAATAACCCGTTTACAAACTCTTTTCCTTGATCAGTCAACAATTTCAACGGAATTCTCCCTTCCCCTATTGCCCATCTTTCAACAAAAGCTTTCAACACCGTTTCTGCTTTCTTGTCCGGTATAGGTACCGCGGTTCCATATTTTGTAAATAAATCAATGATAGTGAGAATGTATCTATTCCCTTGTACTGATAAGCCTACATCCATAAGATCACAAGCTACTATTTCTAGCGGAAACGTCATTCGATAAGGTGTCAATGACGAAGTCAACTTTGGATGATCATTAGCACATAGACATTTTGCACAGGTTCTCACACAATTTTCGACACAAACTCTCATTTGCGGCCAATAGAACTTTCTGTGCACCATTCTCCACATTTTCTTAATTCCGAAGTGCCCCGCTAACATTCCTTCATGCAACTCTTTCAGTAATGGTGTGCGTATTTTCTCTGGAACTACACTTCTACTCTGTTCTTCTATCTCAGTATTCTTGAGCACTCCCCCAACAATCTTATAATATTCCAGAGAAATTTCCGACTCAATGCCAACAATCTTGAAGGTTCCCTTCGTCTTTCCCCCTTCTAAAGCCGCTATCACTTCTTTCCATCCTTCATCTTCTCCCTTTAACCTTTCTAACCAGCAAGAACTGTCAAGTATATCAGGTAGCTCTGTCTGGATCGCATTCACTATGCTCGTCAATTCCTTAGTTTGCTCTTCTTCTAACTCATTAGGTGGACAACCTCCCCGACTCAACGCATCAGCTACTGCATTGGCTTTTCCGGCTAAATACACAATTTTCACATCAAATTCCAAAATTTCAATCGACCATCTCAACAACCTATCCGCCAGTGGGGATCCTTTTAACAACGATATCAATGGCTTATGATCCGTGAATACTGTAATTGCAGTTCCATAAATAATCGTCTTGAACCGACGCAACGCAAACATCATTGCCAGTGCTTCCAGATCCGTGATATGATATCTGGTTTCTGCCGGACTTAATGCTTTTGATGCAAATGCTATTGGATGTTGTTGTCCATCAGGTCCTTCTTGTGCTAACACAGCTCCTATGCCTTTTCTGCTTGCATCAGTATAAATCATAAATGGTCTATCCCCTTTCAAAGCAGCTTCCACATCGGGCTGTGCCAACACTGGTGTCTGACAAACTAATTTTTTCAATTCTTGGAATGCTATCTCTTGCTCTTTTTCCCAAATCCATGCAACTTTTGCAGAAATCAACGAAGTCAATGAAGAAGCTATTTGAGCGAAATTCAAAATGAATTTTCTATAATACCCGACTAATCCCAAAAATGACTGTAATTCTTTAACATTAGTAGGCCTCGAGAACTGTTTCATTTTATCCGTCTTTACTTCTTGTGTCTCCACTCCGTCTAGTGTCACTTTATGTCCCAAATATTCAACTTCTTTCTTTGCAATATGACATTTACTAGCACGAAGTTTCATTCCACTTTTTCTGATTCTTGTCAACGCTTCCTTAACATCTTGCAGATGTTGCTCCATATCCTTACTAGCAATCAACAAATCATCAACGTATACAAATGCACATACTCCTAACAAATCTCCAATAATTTCTTCCATTGTTCCTTGGAACAGTGCCGGCGAAATAACCAATCCGAAAGGAAGTACATTCCATTCAAAGAGTTCACTACCAATAGCAAAAGCTGTGATTTCCTTGCTCTTTTCATCTAATGGAATCTGCCAAAATCCTGCTATCATATCAAAAACCGTGTATAGTTTTTTTCCTGCTAGCGATTGTAGCGTTGCTTCAATATTGGGGAGTGGATGAGCATTATTCTTCACGACCTTATTAACTTTCCGATAATCAATACACATTCTAATAGAGCCATCTTTCTTTTTCACCAACACTACTGGACTGGACCAAGGCGACTTGCTTTCTCTAATCACTTTTTGATTGAGCATTTTCTGAATCATTTTCCGAATCTCTGGTTTTAATGCTAATGGAATAGGACGAGGCTTTTGCCTAATTGGCTCTGCTCCCTTCAATTCTATTACACATTCCGTACCAGAATTTCGTCCCAACTCGTCATCTGAGATCGCAAACACATCTTGAAATTGTTCAATAACATCCCATATTTTCCTATCATCCCCATTTTCTCTCTTAAGATGCTCGCAAATTGTTGTGAAACGCTCATATGTTTCAGCCGTCTTTACTACTTCACAACTGTTTGTATCTGTCTCAATTTCCGAAAAAAGAGTAGGATCATTTAACACCTCTTCCACTGTAATATCTTGTTCCGCTTTATTTGATAACACCTCAAAGCCTCCTGTCTCTCCTTTCCCAATCACCTCCCCTTTTTTCAAGGACAGCATATGTTTGAATTGATTCACAATTCTAACCCAAGCTTTCCCTTGTTCATTCAGTCGTACAACCGCATTTTCCACATGTCTCATTGTTGGTGTTATCAAACAATATGCTCCTTCTCTTATGATACCAGTAACATTAACTTCTACTAACTGACAACTTCTCGGCGGAATTTCCACGTCTTCGTCGATACGAACTATTCTGGGTTCCATGATCATATTCATTTGAATCCCCATTTGCTCAAAGTGACCAGCTCCGATAATAACATTTTCCCTGTCCATGTCTCCAATATGAAACTTGATAACTTCAGACTTTGTTTGCATTTTTATTTCTACCATTACCGCCCTGAGCAAAGTGAACAACTGATTATTTGCTGTTCTAGCTGTTTTATACTCCAACTCCTCATATATCTGGTCCTGTTCCCAAGACTTTCCATTGACTTCAACAATTTTCTCCCAGGTATTTTTACTCATTAGCGAAATACTAGCACCACTATCCAACAGAATTTCTACATTAGCTTTTCCTATTTGTCCCTTTTCCAGACTTCTTGTAACCTCAGATTCAGATTTTTCCGATTTCACCATTAGCAAACAATCCTTCATTCTTACACCTTCGATTGTCTCTACTTTTGCCACCGGAGCTTCCTTTTCTGATGTATTTTCATTTTTCTTCGGACAATTCCAAGCAATGTGCCCCATTTCGTTACACCGGAAACATGCCCTGTTTTTCAATTTGAAGCAACTGGCCATGTGCCATCCACTTTGTTGACATTCATCACATTTTTGTGATGCATTATCTTTAGACTTTTTCGAGCACCAAAACATATGCCATCCTCTTTGCTGACAGTCACTGCACCTATCCGAAGGATTCTGATGTTTCTGAGGAACTGAAATAGTTTTCCAACTTTGCTCTCTCGAGATATTCTGAGAAGCCGCCGAATTATTTTGTGAATTATTGTTCCAAGAGTTCCGAGAATTATCAGCAGCCTTGTTTGGAGAAAACGGTTTAAAATTGTTCTGTGTATTTTGATTCACAAAATTTTCCACATTTTGAACTTTCCCTCTCTTCTCCGACAATTTAGAATTCAAGCACTGTTTTTCATTAATCTTTGAAACATTCCATTCATGACGTATTATCATTTCACGACATACATCATAGTGATTAATTTCATCAGTGTCCATTATCTTATTATCAATCGAGCAGCGAAGATGCATGTCAGTGACTTCATCTAGAAGCTTGACATACTTCATCGATGACAATTCTTCAGGAGAAACTCTGCGGAAAGCGATTCTAGCAATGTCATCGATCAACAAGCAATAATCTTCACACGATTGATCTGGCTTACGAGAAAGAATGTTCCATTTTTGCTTAGCCCGATGATTCTCATCTTCTACAGATAATCTCAACCTATTAGCTAATGCATTTAAAACCACTTTCACTTTCACCTTCTCTCCCGCTGTCAACGAACGATAAGCTTTTTGTGCTCTTCCCTCCAAGTACTTCGACTCCAGAATTGCTACTTGTTGCTCATCCGAAAAAGTTCCAAATTTTAGTTTAAAAGTTTTCTCAAATGCTTCAATACTGATAGAACCCTCTTCTGCCGTGAACTTTGCTGGTTCCGGCAGGCTTTGTGCGAGCATCATTTGAGTCATCCTTTCTAAACTATTCGTCTGGACCTGGGAATCCCCATTTCTTACACTACCAGTCACATTCCTTTCAGTCAGAACACTATCATTTTGATTTACTTCAAAGTCCTCAAGAATCTCCCCTGTCTCTTCACAATACTCTCTTACAGTTTCCCGAACCACATTATTTCCCACATTTGAAGTGCTCAAATTCTCACCGATACGTTGTGCTGGTGTATTCATTCTTGAGCTCGATGTTGTGCATCTTGTATCCATGATCTGAATATTTTGATGATTCTTTTGTTCAATGTTGGAACTAATTTCACCTTTTCGTGCATAGTTATTCGACCTAGCGTCAGCTTCTCTGAATTGTTCTTCCTTCTTCCGCTTATCTCTTTCTTCTTCAACAGCCTTCAGCTTCAGTGTAGTTTCCACCAAGATTTGACTTTTCTGCATCAACTCCTCACTTTTCTCCTTCAGCTGTCGATTTAAATCACGATTTGTTTCCCTCTTTTCCATAATTTCCTCGCGCATCATTGCCCAGGAATCACTCGCCATCTGTAAACATTGCTTTTCTTTTTCTTCTTTCATCTTAAGGACTGAATACTCTTTAATGATTTCCTCCAAATCACTCACATTATGAAGCTCATTCGTATCCAAAAATTGCTTCATTTTTTGAGTTTCGGCATCCTCGGCTGTCCCTCTTTGAGAAGAATCTTGTAGATGCTGACGGATTTGCTCCTTTTGAATCTGCAAATCAGAAATTGTAATTCCTTGTTCATTCACCACCTTTTTCAACATCATTATCGATTTTTCTCTAATTTCAATTATATCTTCTTCCTCTTTTATGATTTTTATAAATGGTTCCACCATCAATGCGGTTTGGGCTTCATTTGCCTTTGCATAATTTTGAATATGTTTAATCACATCCTTCTTTTTTACTTCATGTTCCGCTTTTCTCACCTGGAAACCATTTTCGAATGTCTTCTCCGTGGTATCCATCGACTCCCGCAGCAAATCCTCTTCATCATACAGTTGTTGCTGTGGATTTGGTGGTGGTGTGAGAGTTTGTGCTCTCGATGATCCTCCTTCAGTATCCTGTCCCTCGTTCACCTCCATTCTTCAGATTTCACTGAAACAAAAATAAATTCGTTTAGATTACAGCAATTAAATGAAGAAATGAGCAAAAACTTGAGAGTACATCAACAAGAAATGTGAAAAATCCCACGAAACGATTGCAAACTCAAAGGCGAATAATCCAGTGAAATCCAATTATCGATTTTTTCCAATTGCGGAAATTCACGACTTTTTCCAGAAAAATGAAAAATCGGCGAGCGATTTTCCTATTTCTAACCAAAATAATCGAATAAAATCACCGAAAAATCAAAGATTGTTTTCGAAAATCTCAAAATTTCACGAAAACTTTAACTTTTCCGCAAAATTTCGCACTTTCGATGCAAAAATCAGCAAAATTCACCAATTTCTTGATGAGAAATTGAATTTCTCAGCAAAAACTTGAAAAAATCAAGCTTTCAACTCAAAAAATCGATAAAATTCACTAGGAATTTTACAATCTTCGAAATTCCAGAACTTTTATTCAAAAAAATTCGGCAGAAATCACTATCCCCGCTCTTACAGAGACAGAAACAGAATTCTGGAAAAAATCAGAACTTCCTGAGCGTACAGCTCCAGAAAAATCGCTTTTTTGTTTTCTCTTTATCAACTACTCGTACAGAGCAAGCTAACAAAAAGAAAAATCCTCGAGACGATCCAAATTCTTCAAAATCCACTCGATTTTCGCAACGAAAAACGAGAATTCCACGGAAACCAACGGCGGTTCGGCCCCCAAGTCAAGTTCCTGTCCACAGAACTTGAATCCAATCCAGTAAACGAGACCAAAAGGAAGAGAAAAACACGATTTTTAAGAACTCTCAAATAAATTTATTGAGAGAAAGAGGAAAAGTATACAAAAACCAAGGAACTGGAGAAGAATCAACACTAAACCAGAAACCTTCAAAGAAACAGGCAGAGCGCCAGAAATCCAAGAAAAACAATAAAAGACTATAAAAATAAGCCAACAACAGGCCAAAACCACTGAAACTGGAGCTCTAACAACGAGTCCACACGCTGTGTCCGAGCAAAATCCCAGAATGAGGAAGAATCCTCGAAAAAAGATGACAAAAACTGATTTCGCGCCAGAATCGAGAAGTGCGCCAGCGTGAGAGTGCGTCAGTCATCTTTGCTTGCGCAAAAGATATTTTTAAATAAAGATTTGAGGTCTGGAATTACCCTTTGAGCTAATCGGAGAGAATTAAGAGAAAAACGGGTTAAACCCGAC,8865,Insertion,459,No,T,TATTTAAGTCAAGTTCCTGTCCACAGAACTTGAATCCAATCCAGTAAACGAGACCAAAAGGAAGAGAAAAACACGATTTTTAAGAACTCTCAAATAAATTTATTGAGAGAAAGAGGAAAAGTATACAAAAACCAAGGAACTGGAGAAGAATCAACACTAAACCAGAAACCTTCAAAGAAACAGGCAGAGCGCCAGAAATCCAAGAAAAACAATAAAAGACTATAAAAATAAGCCAACAACAGGCCAAAACCACTGAAACTGGAGCTCTAACAACGAGTCCACACGCTGTGTCCGAGCAAAATCCCAGAATGAGGAAGAATCCTCGAAAAAAGATGACAAAAACTGATTTCGCGCCAGAATCGAGAAGTGCGCCAGCGTGAGAGTGCGTCAGTCATCTTTGCTTGCGCAAAAGATATTTTTAAATAAAGATTTGAGGTCTGGAATTACCCTTTGAGCTAATCGGAGAGAATTAAGAGAAAAACGGGTTAAACCCGACATCTCCCGGTTTTTCAAGCTCAACCTCCCTTATTCAAAAACGACGTACATCTCACCCATTAGGCATAACACAACTGATCATTATCACAGCACTCATCAGCAAGGGGAAAATATAAAAAAAAATTAAAAATACTACGGAACCTAATAGGGAAATGAGGGAAATGAATTCAAATAATAGACGGATCCTAACTTAAGAATTAATAACCTAGAACTCAAGGGTGGGGGACAAAATTATAAGAAAAATAACCAAAAAATTATTAAAACAACAAATAATTATGAAATGATAATTAACATAAGAACAAAGAATTATAACGTTCAACAAAATCAATTAAGGGCTCATTTTTTACGCCCGTATGGAGTGAAATGATGATATACACGATTGTGATTTCCTCGTTTGACCATTCTATCCTCAAACGTTCTTACAGTGGACGCAGACTTCATAGACGTCGAGGCTTCACAGTCTGAGTTTTTGACAGGAGTATCACTGGTACAGCGTTTTAACTCAAACGCTTTCCATTCCATTCCAACTTCCTTAGCACGAGTTTGTACAGCTTTCCAGTACTCCACTTTACCGGCTAAAGCTGTCATTTCGAGAGTCTTTCTTGGATGAGCTTCCAACCTATCATGAAGCGATATTATTTCCAAATAACCATCATCTACTCGACGACATTTTTGCAGGATGGATGTGAATTCCACTAGAAGAGCATGATCTTCCAATTCGTCAGGAGTCATGTTGGACACTACCAGTATTTTAGTTTCTTCCGAGATTTTTGCAATAAGCCGATTCCAACAATCAACTAGCTCGACATCAATTGTGAATGGAATAACCAGAACTATCATCTTGAATCTTTCTCGGCAACATTTCTTCTGAAGAGCAATCAGAGTTTCCTCATCATAGTCAGTACAGACGAAGCAGTTCTTCGTGGAAACCGGCAGGTCTTCCAATCGCAATCCATCAGCTAGAATGAGCATAGTTCCGGGACCATTTAAAATGTCACCGCAATTTTCATTGAGCAACTTGTCCACGTAGCGATTGTACGAATTTTCCCATCCAAGTTCAGCGACGTATGTCCACAGAGAGGAGCATCCGATCATATCCTTGAATAAGTTATCCATCATCTTATCCGGCAGAGTTATTTGCAATGGTGACGGCAGCGGGCGGCTTGACATTGCCATCAGCTGTTTTGGATCGATCTTTCTATTTCCCGATTTCTCCATAATGCAGTACATTCGATAAAGCTGAGTTGGTGATGGCGTATGGGCTTCAGGGACAAGAGTCATATTGAACATACAAGGCTTCAGAGCACATCGGCAGATATATCGACAACTGAAACAAGAATTTTCATTATTTTCAGATACAACAGTAATTTCATCACAATAAATTTCTGGTTCAGGTTTTTTAGATCTCCCCTTCTTAGTCACTATTAGTATATCTGGCATTGCTTCTGGTATAACTCTCAAATTTTCAAACGGAATTTGCAAAATGTGCTTCCGTTTTCCCAGTACAGGTGTGATCTCCGCCGAATTCTCTGAACAACTGATAACTCTATACGGTCCGCTCCACTTATTTACTAATTTAGGACATTGAGCTCCTAGTTTCTCCGATGGAATTTCTAACAAAACTCGACTCCCCGGTTGAGGAAATCTGTGTTTCTTTGATGCATACTTCTGATCGAACAAACTTTTATAAGATTCTTGTTCTCTCATCGCATGCTCTTTGGCTATCTTCTGAACTTTTAACAACTCCTGAGTAAGTAAATGCTTATACTCATCCATATCAGCATAATTAATGCCAACGGCATCTTCCCCGGACATTTCAAGTGGGCCCATAACATCTCTTCCATGCATCAAAAACATCGGTGTCTCTCCCGTATTTTCGTGTACACAATTATTATAAGCATACACCGCATACACTACTTGATCGTCCCATTCCATAGGAACCGCAGTCTTCTTCTTCATTATATGCATAATCGTTTTGTTAAATCTTTCCACGGCTCCATTGGCTCTACTGTTGTACCCCTTAGTTGTTATATGCTCAATCTTCAACATGTGTGTGAATTGTGCAAATAACCCGTTTACAAACTCTTTTCCTTGATCAGTCAACAATTTCAACGGAATTCTCCCTTCCCCTATTGCCCATCTTTCAACAAAAGCTTTCAACACCGTTTCTGCTTTCTTGTCCGGTATAGGTACCGCGGTTCCATATTTTGTAAATAAATCAATGATAGTGAGAATGTATCTATTCCCTTGTACTGATAAGCCTACATCCATAAGATCACAAGCTACTATTTCTAGCGGAAACGTCATTCGATAAGGTGTCAATGACGAAGTCAACTTTGGATGATCATTAGCACATAGACATTTTGCACAGGTTCTCACACAATTTTCGACACAAACTCTCATTTGCGGCCAATAGAACTTTCTGTGCACCATTCTCCACATTTTCTTAATTCCGAAGTGCCCCGCTAACATTCCTTCATGCAACTCTTTCAGTAATGGTGTGCGTATTTTCTCTGGAACTACACTTCTACTCTGTTCTTCTATCTCAGTATTCTTGAGCACTCCCCCAACAATCTTATAATATTCCAGAGAAATTTCCGACTCAATGCCAACAATCTTGAAGGTTCCCTTCGTCTTTCCCCCTTCTAAAGCCGCTATCACTTCTTTCCATCCTTCATCTTCTCCCTTTAACCTTTCTAACCAGCAAGAACTGTCAAGTATATCAGGTAGCTCTGTCTGGATCGCATTCACTATGCTCGTCAATTCCTTAGTTTGCTCTTCTTCTAACTCATTAGGTGGACAACCTCCCCGACTCAACGCATCAGCTACTGCATTGGCTTTTCCGGCTAAATACACAATTTTCACATCAAATTCCAAAATTTCAATCGACCATCTCAACAACCTATCCGCCAGTGGGGATCCTTTTAACAACGATATCAATGGCTTATGATCCGTGAATACTGTAATTGCAGTTCCATAAATAATCGTCTTGAACCGACGCAACGCAAACATCATTGCCAGTGCTTCCAGATCCGTGATATGATATCTGGTTTCTGCCGGACTTAATGCTTTTGATGCAAATGCTATTGGATGTTGTTGTCCATCAGGTCCTTCTTGTGCTAACACAGCTCCTATGCCTTTTCTGCTTGCATCAGTATAAATCATAAATGGTCTATCCCCTTTCAAAGCAGCTTCCACATCGGGCTGTGCCAACACTGGTGTCTGACAAACTAATTTTTTCAATTCTTGGAATGCTATCTCTTGCTCTTTTTCCCAAATCCATGCAACTTTTGCAGAAATCAACGAAGTCAATGAAGAAGCTATTTGAGCGAAATTCAAAATGAATTTTCTATAATACCCGACTAATCCCAAAAATGACTGTAATTCTTTAACATTAGTAGGCCTCGAGAACTGTTTCATTTTATCCGTCTTTACTTCTTGTGTCTCCACTCCGTCTAGTGTCACTTTATGTCCCAAATATTCAACTTCTTTCTTTGCAATATGACATTTACTAGCACGAAGTTTCATTCCACTTTTTCTGATTCTTGTCAACGCTTCCTTAACATCTTGCAGATGTTGCTCCATATCCTTACTAGCAATCAACAAATCATCAACGTATACAAATGCACATACTCCTAACAAATCTCCAATAATTTCTTCCATTGTTCCTTGGAACAGTGCCGGCGAAATAACCAATCCGAAAGGAAGTACATTCCATTCAAAGAGTTCACTACCAATAGCAAAAGCTGTGATTTCCTTGCTCTTTTCATCTAATGGAATCTGCCAAAATCCTGCTATCATATCAAAAACCGTGTATAGTTTTTTTCCTGCTAGCGATTGTAGCGTTGCTTCAATATTGGGGAGTGGATGAGCATTATTCTTCACGACCTTATTAACTTTCCGATAATCAATACACATTCTAATAGAGCCATCTTTCTTTTTCACCAACACTACTGGACTGGACCAAGGCGACTTGCTTTCTCTAATCACTTTTTGATTGAGCATTTTCTGAATCATTTTCCGAATCTCTGGTTTTAATGCTAATGGAATAGGACGAGGCTTTTGCCTAATTGGCTCTGCTCCCTTCAATTCTATTACACATTCCGTACCAGAATTTCGTCCCAACTCGTCATCTGAGATCGCAAACACATCTTGAAATTGTTCAATAACATCCCATATTTTCCTATCATCCCCATTTTCTCTCTTAAGATGCTCGCAAATTGTTGTGAAACGCTCATATGTTTCAGCCGTCTTTACTACTTCACAACTGTTTGTATCTGTCTCAATTTCCGAAAAAAGAGTAGGATCATTTAACACCTCTTCCACTGTAATATCTTGTTCCGCTTTATTTGATAACACCTCAAAGCCTCCTGTCTCTCCTTTCCCAATCACCTCCCCTTTTTTCAAGGACAGCATATGTTTGAATTGATTCACAATTCTAACCCAAGCTTTCCCTTGTTCATTCAGTCGTACAACCGCATTTTCCACATGTCTCATTGTTGGTGTTATCAAACAATATGCTCCTTCTCTTATGATACCAGTAACATTAACTTCTACTAACTGACAACTTCTCGGCGGAATTTCCACGTCTTCGTCGATACGAACTATTCTGGGTTCCATGATCATATTCATTTGAATCCCCATTTGCTCAAAGTGACCAGCTCCGATAATAACATTTTCCCTGTCCATGTCTCCAATATGAAACTTGATAACTTCAGACTTTGTTTGCATTTTTATTTCTACCATTACCGCCCTGAGCAAAGTGAACAACTGATTATTTGCTGTTCTAGCTGTTTTATACTCCAACTCCTCATATATCTGGTCCTGTTCCCAAGACTTTCCATTGACTTCAACAATTTTCTCCCAGGTATTTTTACTCATTAGCGAAATACTAGCACCACTATCCAACAGAATTTCTACATTAGCTTTTCCTATTTGTCCCTTTTCCAGACTTCTTGTAACCTCAGATTCAGATTTTTCCGATTTCACCATTAGCAAACAATCCTTCATTCTTACACCTTCGATTGTCTCTACTTTTGCCACCGGAGCTTCCTTTTCTGATGTATTTTCATTTTTCTTCGGACAATTCCAAGCAATGTGCCCCATTTCGTTACACCGGAAACATGCCCTGTTTTTCAATTTGAAGCAACTGGCCATGTGCCATCCACTTTGTTGACATTCATCACATTTTTGTGATGCATTATCTTTAGACTTTTTCGAGCACCAAAACATATGCCATCCTCTTTGCTGACAGTCACTGCACCTATCCGAAGGATTCTGATGTTTCTGAGGAACTGAAATAGTTTTCCAACTTTGCTCTCTCGAGATATTCTGAGAAGCCGCCGAATTATTTTGTGAATTATTGTTCCAAGAGTTCCGAGAATTATCAGCAGCCTTGTTTGGAGAAAACGGTTTAAAATTGTTCTGTGTATTTTGATTCACAAAATTTTCCACATTTTGAACTTTCCCTCTCTTCTCCGACAATTTAGAATTCAAGCACTGTTTTTCATTAATCTTTGAAACATTCCATTCATGACGTATTATCATTTCACGACATACATCATAGTGATTAATTTCATCAGTGTCCATTATCTTATTATCAATCGAGCAGCGAAGATGCATGTCAGTGACTTCATCTAGAAGCTTGACATACTTCATCGATGACAATTCTTCAGGAGAAACTCTGCGGAAAGCGATTCTAGCAATGTCATCGATCAACAAGCAATAATCTTCACACGATTGATCTGGCTTACGAGAAAGAATGTTCCATTTTTGCTTAGCCCGATGATTCTCATCTTCTACAGATAATCTCAACCTATTAGCTAATGCATTTAAAACCACTTTCACTTTCACCTTCTCTCCCGCTGTCAACGAACGATAAGCTTTTTGTGCTCTTCCCTCCAAGTACTTCGACTCCAGAATTGCTACTTGTTGCTCATCCGAAAAAGTTCCAAATTTTAGTTTAAAAGTTTTCTCAAATGCTTCAATACTGATAGAACCCTCTTCTGCCGTGAACTTTGCTGGTTCCGGCAGGCTTTGTGCGAGCATCATTTGAGTCATCCTTTCTAAACTATTCGTCTGGACCTGGGAATCCCCATTTCTTACACTACCAGTCACATTCCTTTCAGTCAGAACACTATCATTTTGATTTACTTCAAAGTCCTCAAGAATCTCCCCTGTCTCTTCACAATACTCTCTTACAGTTTCCCGAACCACATTATTTCCCACATTTGAAGTGCTCAAATTCTCACCGATACGTTGTGCTGGTGTATTCATTCTTGAGCTCGATGTTGTGCATCTTGTATCCATGATCTGAATATTTTGATGATTCTTTTGTTCAATGTTGGAACTAATTTCACCTTTTCGTGCATAGTTATTCGACCTAGCGTCAGCTTCTCTGAATTGTTCTTCCTTCTTCCGCTTATCTCTTTCTTCTTCAACAGCCTTCAGCTTCAGTGTAGTTTCCACCAAGATTTGACTTTTCTGCATCAACTCCTCACTTTTCTCCTTCAGCTGTCGATTTAAATCACGATTTGTTTCCCTCTTTTCCATAATTTCCTCGCGCATCATTGCCCAGGAATCACTCGCCATCTGTAAACATTGCTTTTCTTTTTCTTCTTTCATCTTAAGGACTGAATACTCTTTAATGATTTCCTCCAAATCACTCACATTATGAAGCTCATTCGTATCCAAAAATTGCTTCATTTTTTGAGTTTCGGCATCCTCGGCTGTCCCTCTTTGAGAAGAATCTTGTAGATGCTGACGGATTTGCTCCTTTTGAATCTGCAAATCAGAAATTGTAATTCCTTGTTCATTCACCACCTTTTTCAACATCATTATCGATTTTTCTCTAATTTCAATTATATCTTCTTCCTCTTTTATGATTTTTATAAATGGTTCCACCATCAATGCGGTTTGGGCTTCATTTGCCTTTGCATAATTTTGAATATGTTTAATCACATCCTTCTTTTTTACTTCATGTTCCGCTTTTCTCACCTGGAAACCATTTTCGAATGTCTTCTCCGTGGTATCCATCGACTCCCGCAGCAAATCCTCTTCATCATACAGTTGTTGCTGTGGATTTGGTGGTGGTGTGAGAGTTTGTGCTCTCGATGATCCTCCTTCAGTATCCTGTCCCTCGTTCACCTCCATTCTTCAGATTTCACTGAAACAAAAATAAATTCGTTTAGATTACAGCAATTAAATGAAGAAATGAGCAAAAACTTGAGAGTACATCAACAAGAAATGTGAAAAATCCCACGAAACGATTGCAAACTCAAAGGCGAATAATCCAGTGAAATCCAATTATCGATTTTTTCCAATTGCGGAAATTCACGACTTTTTCCAGAAAAATGAAAAATCGGCGAGCGATTTTCCTATTTCTAACCAAAATAATCGAATAAAATCACCGAAAAATCAAAGATTGTTTTCGAAAATCTCAAAATTTCACGAAAACTTTAACTTTTCCGCAAAATTTCGCACTTTCGATGCAAAAATCAGCAAAATTCACCAATTTCTTGATGAGAAATTGAATTTCTCAGCAAAAACTTGAAAAAATCAAGCTTTCAACTCAAAAAATCGATAAAATTCACTAGGAATTTTACAATCTTCGAAATTCCAGAACTTTTATTCAAAAAAATTCGGCAGAAATCACTATCCCCGCTCTTACAGAGACAGAAACAGAATTCTGGAAAAAATCAGAACTTCCTGAGCGTACAGCTCCAGAAAAATCGCTTTTTTGTTTTCTCTTTATCAACTACTCGTACAGAGCAAGCTAACAAAAAGAAAAATCCTCGAGACGATCCAAATTCTTCAAAATCCACTCGATTTTCGCAACGAAAAACGAGAATTCCACGGAAACCAACGGCGGTTCGGCCCCCAAGTCAAGTTCCTGTCCACAGAACTTGAATCCAATCCAGTAAACGAGACCAAAAGGAAGAGAAAAACACGATTTTTAAGAACTCTCAAATAAATTTATTGAGAGAAAGAGGAAAAGTATACAAAAACCAAGGAACTGGAGAAGAATCAACACTAAACCAGAAACCTTCAAAGAAACAGGCAGAGCGCCAGAAATCCAAGAAAAACAATAAAAGACTATAAAAATAAGCCAACAACAGGCCAAAACCACTGAAACTGGAGCTCTAACAACGAGTCCACACGCTGTGTCCGAGCAAAATCCCAGAATGAGGAAGAATCCTCGAAAAAAGATGACAAAAACTGATTTCGCGCCAGAATCGAGAAGTGCGCCAGCGTGAGAGTGCGTCAGTCATCTTTGCTTGCGCAAAAGATATTTTTAAATAAAGATTTGAGGTCTGGAATTACCCTTTGAGCTAATCGGAGAGAATTAAGAGAAAAACGGGTTAAACCCGAC,8865,Insertion,No,-,-,Nothing suggests that this could be a landing site for a transposable element,"Insertion in the middle of a small, 80-bp intron.  The inserted sequence originates from Chr 3: 8,848,491-8,865,604 (plg-1), where a heterozygous deletion exists in the PB306 ancestor (hence one copy that could 'break away').  The large deletion could potentially segregate without consequences because it affects male function - Expressed in vas deferens and in male. The inserted sequence contains the 3' end of the gene plg-1 (exons / 3' UTR) and a full transposon from the CER1 family",smg-5; plg-1,Intron,Enables DEAD/H-box R- helicase binding activity and protein phosphatase 2A binding activity. Involved in embryonic genitalia morphogenesis; ncR- metabolic process; and negative regulation of gene expression. Located in cytoplasm and nucleus.,500-bp Upstream of Transcription Factor Binding Site,2,No,PASS,No,Yes,CER1,No,-,-
III,4293958,CTGAACAGAAGGTAACTACTGAAATAAGCTTCTC,C,-33,Deletion,459,No,CTGAACAGAAGGTAACTACTGAAATAAGCTTCTC,C,-33,Deletion,No,-,-,Exon intron boundary,"Deletion of 10-bp of exon, and 20-bp of an short ~50-bp intron",R10E4.6,Exon Intron boundary,Predicted to be located in membrane. Predicted to be integral component of membrane.,Transcription Factor Binding Site,1,No,PASS,No,No,-,-,-,-
IV,3300822,TCATGCAATCCGCCTGCCTCATCGCTCTTCTTGCTCTCGTCGCCGGAGCGTCGGCTCAATGCTTCGAAGGTGGATGCGGAGGAGGACCAATCTTCCTTCCACCACCACCATGCTTCGGAGGAAACTGTGGTGGATGTTCGGGTAACAACTGTGGATGCAATGGAAACAACTGTGGACCACAAGTCACTGTTGTCCAGGTCCCAAATAACAATAACGGATGCTCATGCAGCCCATGCAATGGACCAATTTGTGCTCCAATGTGCAATAGCTGCCCACCACAGCCGATCTTCATTCAGCCATCTCAATGCTGCAATAATAACAGTTAGTATTCGTCGCAAGCATGGTTTTTCAAAAAGAGTTTGCTATTTTCAGACTTCTCCTGTTGCCCATTCCGTTTCCGTCGTCATAACTCTGCTGCTGCTGCCGCTTCAGATGAGATCACCGAAGAGCCAACCACAGCTGCTCCAGCTCAAGAATAGATCCCAACTTCTAAAAGTTAATTCCCAGTTTTTGTATATAAAGCAACCCATTTTGGTAGATTAATAAATATGAATTAGTCCAAGTATTCTAAAAATTGAAGCTCAATTCTTCTTTTTCAGAAATTTTATCACAAAACTGAAAGTTTAATGCATTTTAAATCTCGACCCTTAATGCATTTGGGCCGGTCCAATGCCAAGCTTTCAGATCCATAGCCAATTTGTATACGACTGAAAAAGATTATTCTGAAGCTTGAAATTCGTGAAGCCATGAAGTGTAGGCCCCTTAAACAGAACAATATTTTACAAGGTTTGGAAGTGGGAAATTCGTTTTATTTAAATTTTGCCTTAGTTTTTGGAAATTCAATATTCATGGATTTTCATAGAAAAATAACTTCCTGAAGTGAGACTATTCAAGCCTGAAAAGTTTTCACACTGTTTTTTTAAGGAATTTCGCTGTATTTGGTTGCAACGTCCTCACGTGATTTCAGACTGTCTCAATACAATTTGATCTACAAAAAATGCGGGAATATTTTTACAGAACAATTGTGACGTCAGTCATGCAAAATCAGATGAGATGCATGCGTCTCAACTTCCGCATTTTTTGAAGATCAAATCGAAATAAGACCTTCTGACTCCACGTGCTTCCTGTCCATCTTTTACAGATACCTGACAAGACTTTGGCATTAATGGAAGAGCTTACTCAGCAGTTAATTTGTCAAGATTTTTGGCAGGAAGTTGCTCTCCTAAAGAGCGAGTTAATAACGTTTCATTCAGCCACCTTCATTGCTGAAATTGCAAAGTTTTTCTGAAAAGTGTGACGTCAAATGCGGTCTGGAAGCTTAGAAGCCTAGACGCGTTGGGTTTCAGTATCACTTTGTCAGTTTTTCAGACAATGTTTAGATACAACTAGTTGCTAATTGGAACTGAACTTGAATAAGTATGTGTAGCGCTACACAAAGTTTGTGTGATTCGCGGCAAAAAAATGCTTGCGGAACTAGAGCAGCGCTCCGCCTCCAGCTGATAAACATACCGACCTGTCTCCCCCAGGCGGCATCGTATAAAAAGCGAATACTTTTACATTAGAACCATCAGCTCTTACATTTATCCGTTTCACCATGCAATCCGCCTGCCTCATCGCTCTTCTTGCTCTCGTCGCCGGAGCGTCGGCTCAATGCTTCGAAGGTGGATGCGGAGGAGGACCAATCTTCCTTCCACCACCACCATGCTTCGGAGGAAACTGTGGTGGATGTTCGGGTAACAACTGTGGATGCAATGGAAACAACTGTGGACCACAAGTCACTGTTGTCCAGGTCCCAAATAACAATAACGGATGCTCATGCAGCCCATGCAATGGACCAATTTGTGCTCCAATGTGCAATAGCTGCCCACCACAGCCGATCTTCATTCAGCCATCTCAATGCTGCAATAATAACAGTTAGTATTCGTCGCAAGCATGGTTTTTCAAAAAGAGTTTGCTATTTTCAGACTTCTCCTGTTGCCCATTCCGTTTCCGTCGTCATAACTCTGCTGCTGCTGCCGCTTCAGATGAGATCACCGAAGAGCCAACCACAGCTGCTCCAGCTCAAGAATAGATCCCAACTTCTAAAAGTTAATTCCCAGTTTTTGTATATAAAGCAACCCATTTTGGTAGATTAATAAATATGAATTAGTCCAAGTATTCTAAAAATTGAAGCTCAATTCTTCTTTTTCAGAAATTTTATCACAAAACTGAAAGTTTAATGCATTTTAAATCTCGACCCTTAATGCATTTGGGCCGGTCCAATGCCAAGCTTTCAGATCCATAGCCAATTTGTATACGACTGAAAAAGATTATTCTGAAGCTTGAAATTCGTGAAGCCATGAAGTGTAGGCCCCTTAAACAGAACAATATTTTACAAGGTTTGGAAGTGGGAAATTCGTTTTATTTAAATTTTGCCTTAGTTTTTGGAAATTCAATATTCATGGATTTTCATAGAAAAATAACTTCCTGAAGTGAGACTATTCAAGCCTGAAAAGTTTTCACACTGTTTTTTTAAGGAATTTCGCTGTATTTGGTTGCAACGTCCTCACGTGATTTCAGACTGTCTCAATACAATTTGATCTACAAAAAATGCGGGAATATTTTTACAGAACAATTGTGACGTCAGTCATGCAAAATCAGATGAGATGCATGCGTCTCAACTTCCGCATTTTTTGAAGATCAAATCGAAATAAGACCTTCTGACTCCACGTGCTTCCTGTCCATCTTTTACAGATACCTGACAAGACTTTGGCATTAATGGAAGAGCTTACTCAGCAGTTAATTTGTCAAGATTTTTGGCAGGAAGTTGCTCTCCTAAAGAGCGAGTTAATAACGTTTCATTCAGCCACCTTCATTGCTGAAATTGCAAAGTTTTTCTGAAAAGTGTGACGTCAAATGCGGTCTGGAAGCTTAGAAGCCTAGACGCGTTGGGTTTCAGTATCACTTTGTCAGTTTTTCAGACAATGTTTAGATACAACTAGTTGCTAATTGGAACTGAACTTGAATAAGTATGTGTAGCGCTACACAAAGTTTGTGTGATTCGCGGCAAAAAAATGCTTGCGGAACTAGAGCAGCGCTCCGCCTCCAGCTGATAAACATACCGACCTGTCTCC,T,-3112,Deletion,459,Yes,CCATCATGCAATCCGCCTGCCTCATCGCTCTTCTTGCTCTCGTCGCCGGAGCGTCGGCTCAATGCTTCGAAGGTGGATGCGGAGGAGGACCAATCTTCCTTCCACCACCACCATGCTTCGGAGGAAACTGTGGTGGATGTTCGGGTAACAACTGTGGATGCAATGGAAACAACTGTGGACCACAAGTCACTGTTGTCCAGGTCCCAAATAACAATAACGGATGCTCATGCAGCCCATGCAATGGACCAATTTGTGCTCCAATGTGCAATAGCTGCCCACCACAGCCGATCTTCATTCAGCCATCTCAATGCTGCAATAATAACAGTTAGTATTCGTCGCAAGCATGGTTTTTCAAAAAGAGTTTGCTATTTTCAGACTTCTCCTGTTGCCCATTCCGTTTCCGTCGTCATAACTCTGCTGCTGCTGCCGCTTCAGATGAGATCACCGAAGAGCCAACCACAGCTGCTCCAGCTCAAGAATAGATCCCAACTTCTAAAAGTTAATTCCCAGTTTTTGTATATAAAGCAACCCATTTTGGTAGATTAATAAATATGAATTAGTCCAAGTATTCTAAAAATTGAAGCTCAATTCTTCTTTTTCAGAAATTTTATCACAAAACTGAAAGTTTAATGCATTTTAAATCTCGACCCTTAATGCATTTGGGCCGGTCCAATGCCAAGCTTTCAGATCCATAGCCAATTTGTATACGACTGAAAAAGATTATTCTGAAGCTTGAAATTCGTGAAGCCATGAAGTGTAGGCCCCTTAAACAGAACAATATTTTACAAGGTTTGGAAGTGGGAAATTCGTTTTATTTAAATTTTGCCTTAGTTTTTGGAAATTCAATATTCATGGATTTTCATAGAAAAATAACTTCCTGAAGTGAGACTATTCAAGCCTGAAAAGTTTTCACACTGTTTTTTTAAGGAATTTCGCTGTATTTGGTTGCAACGTCCTCACGTGATTTCAGACTGTCTCAATACAATTTGATCTACAAAAAATGCGGGAATATTTTTACAGAACAATTGTGACGTCAGTCATGCAAAATCAGATGAGATGCATGCGTCTCAACTTCCGCATTTTTTGAAGATCAAATCGAAATAAGACCTTCTGACTCCACGTGCTTCCTGTCCATCTTTTACAGATACCTGACAAGACTTTGGCATTAATGGAAGAGCTTACTCAGCAGTTAATTTGTCAAGATTTTTGGCAGGAAGTTGCTCTCCTAAAGAGCGAGTTAATAACGTTTCATTCAGCCACCTTCATTGCTGAAATTGCAAAGTTTTTCTGAAAAGTGTGACGTCAAATGCGGTCTGGAAGCTTAGAAGCCTAGACGCGTTGGGTTTCAGTATCACTTTGTCAGTTTTTCAGACAATGTTTAGATACAACTAGTTGCTAATTGGAACTGAACTTGAATAAGTATGTGTAGCGCTACACAAAGTTTGTGTGATTCGCGGCAAAAAAATGCTTGCGGAACTAGAGCAGCGCTCCGCCTCCAGCTGATAAACATACCGACCTGTCTCCCCCAGGCGGCATCGTATAAAAAGCGAATACTTTTACATTAGAACCATCAGCTCTTACATTTATCCGTTT,T,-1593,Deletion,No,"There is only one ~1593-bp deletion, but because the region is somewhat repetitve, it aligns with an offset and maybe that is why pbsv wrongly called it",Misalignment of variant leads to error in call,Transposable element present between the two genes (predicted: CELE14); The site is also identified to have a segmental duplication,"The entire gene 1 is deleted, leading up to the start of gene 2 (so the upsstream region of gene2 is deleted as well)",W08E12.5; W08E12.4,Complete gene; 5' Upstream,Enriched in DA neuron; VA neuron; intestine; male-specific anatomical entity; and pharynx based on microarray; Chronogram; and R--seq studies. Is affected by several genes including dpy-10; eat-2; and sir-2.1 based on microarray and R--seq studies. Is affected by seven chemicals including Neurotoxins; silicon dioxide nanoparticle; and Heme based on microarray and R--seq studies.; Expressed in pharynx and pm8.,Predicted Binding Site for proteins,2,No,PASS,No,Yes,CELE14,No,-,-
V,8362090,ATCTCAATATCAGTTTGTTGATTGTAGTGTCTAACTAAATGAACATTCTTTGCTCTTTGAAACAAATGTTAACGTACTTGAAATGTTTTCTGACTAGATAATAGATTTCAGTGTTCTGTTAACTTACATATGTATAATTTCACCTTCTTAGGCAAATCAACAGTTTGATTGAAATTTTTGTTTTGTTTATTTCGAAAAT,A,-198,Deletion,459,No,ATCTCAATATCAGTTTGTTGATTGTAGTGTCTAACTAAATGAACATTCTTTGCTCTTTGAAACAAATGTTAACGTACTTGAAATGTTTTCTGACTAGATAATAGATTTCAGTGTTCTGTTAACTTACATATGTATAATTTCACCTTCTTAGGCAAATCAACAGTTTGATTGAAATTTTTGTTTTGTTTATTTCGAAAAT,A,-198,Deletion,No,-,-,3' UTR,Deletion deletes ~50% of the 3' UTR,F38E1.6,3' UTR,Predicted to enable G protein-coupled peptide receptor activity. Predicted to be involved in G protein-coupled receptor signaling pathway. Predicted to be located in plasma membrane. Predicted to be integral component of membrane.,Histone Binding Site,1,No,PASS,No,No,-,No,-,-
V,19634837,T,TTTTTTGGCGGGAAATTCAAAAATTCAAATTTTCAGTCATTTTTTGGCGGGAAATGCAAAAATTCAAATTTTCAGTAATTTTTTGGCGGGAAATGCAAAAATTCAAATTTTCAGTCATTTTTTGGCGGGAAATTCAAAAATTCAAATTTTCAGTCATTTTTTGGCGGGAAATGCAAAAATTCAAATTTTCAGTCAATTTTTGGCGGGAAATTCAAAAATTCAAATTTTCAGTCATTTTTTGGCGGGAAATTCAAAAATTCAAATTTTCAGTCATTTTTTGGCGGGAAATTCAAAAATTCAAATTTTCAGTCAATTTTTGGCGGGAAATTCAAAAATTCAAATTTTCAGTCATTTTTTGGCGGGAAATTCAAAAATTCAAATTTTCAGTCAATTTTTGGCGGGAAATTCAAAAATTCAAATTTTCAGCCAATTTTTGGCGGGAAATTCAAATTTTCAGCCAATTTTTGGCGGGAAATTCAAAAATTCAAATTTTCAGTCATTTTTTGGCGGGAAATTCAAATTTTCAGCCAATTTTCGGCGGGAAATTCTAAATTTCAGTCAATTTTTGGCGGGAACTTCAAAAATTCAAATTTTCAGCCAGGCGGGAAATTCAAAAATCGGCAAAAATTAATGAAATATTACACATTCGGATATACATTTTTCGGCGAATGCATAATATTTTTTGAAAAAATAATAATTCAGACGGAAAACCAGAAGCAGAAGAGACTTGAAATTTCGATTTGTTTTATAAGGAAAATTTGAAATTGGCGCCAAGAAAATTTTCGGCGGGAAATTCAAAAATTCAAATTTTCAGTCAATTTTTTGCGGAAAAAACTTTTTAAATCGAATAAAATTCATATAAAAAAACGGAAAATTCAAAAAACAAAAAATATAATGTTGTGGAAATTAGAGAGGAGGATTGAACACTTTTGAGGTCAAATTTGAGATATTTTCAGGCTTCTGGGAGGCAAATCGACGATAAATTGGCTGGAAGGGGGAGGTAAGGCGGTAAAAAAAAAGGGAAAATTGGCTGGAAATTAGCAGAAAATTGAGTTTTTTACTCAAAAATTCCAGCATTTGGGGGAAAAAGCACAAAAAATTGGGGAAAAAATGCAACAAAAAAAAAACGTTAAAAAGACACATTTCAGGGGAATATTAAGGGCACTTTAGGTGGAAAAAATCAAAAAATTTCAAAAAAAAATTAGGGTTACTGTAGGGAAAATTGGCAGGATATACAGATAAATTGACAAAAAAAAAGCAGTGAAAAAATGCGAAAAAAAAATGGGTGAAATATTACACATTCGCAGAAAACGGGGGCGGAGCCTAAACAATTTTCGACGAATGTATAATATTTTTCGAAAAATCAAAAAATCAAAAATTTCAGACGGAAAACAACCGGGGGGACAGAGGAGACATTGGGTAAGAATATTGAATTTTTCATATTTTTTAGAAAATTTTTTGAAATTGGCGCCAAAAAATTCAAATTTTCAGTCATTTTTTGGCGGGAAATTCAAAAATTCAAATTTTCAGTCATTTTTTGGCGGGAAATGCAAAAATTCAAATTTTCAGTAATTTTTTTGGCGGGAAATGCAAAAATTCAAATTTTCAGTCATTTTTTGGCGGGAAATTCAAAAATTCAAATTTTCAGTCATTTTTTGGCGGGAAATGCAAAAATTCAAATTTTCAGTCAATTTTTGGCGGGAAATTCAAAAATTCAAATTTTCAGTCATTTTTTGGCGGGAAATTCAAAAATTCAAATTTTCAGTCATTTTTTGGCGGGAAATTCAAAAATTCAAATTTTCAGTCAATTTTTGGCGGGAAATTCAAAAATTCAAATTTTCAGTCATTTTTTGGCGGGAAATTCAAAAATTCAAATTTTCAGTCAATTTTTGGCGGGAAATTCAAAAATTCAAATTTTCAGTCATTTTTTTGGCGGGAATTTCAAAAATTCAAATTTTCAGTCAATTTTTGGCGGGAAATTCAAAAATTCAAATTTTCAGTCATTTTTTGGCGGGAAATTCAAAAATTCAAATTTTCAGTCAA,2042,Insertion,459,Yes,TTTTTTGGCGGGAAATTCAAAAATTCAAATTTTCAGTCATTTTTTGGCGGGAAATGCAAAAATTCAAATTTTCAGTAATTTTTTGGCGGGAAATGCAAAAATTCAAATTTTCAGTCATTTTTTGGCGGGAAATTCAAAAATTCAAATTTTCAGTCATTTTTTGGCGGGAAATGCAAAAATTCAAATTTTCAGTCAATTTTTGGCGGGAAATTCAAAAATTCAAATTTTCAGTCATTTTTTGGCGGGAAATTCAAAAATTCAAATTTTCAGTCATTTTTTGGCGGGAAATTCAAAAATTCAAATTTTCAGTCAATTTTTGGCGGGAAATTCAAAAATTCAAATTTTCAGTCATTTTTTGGCGGGAAATTCAAAAATTCAAATTTTCAGTCAATTTTTGGCGGGAAATTCAAAAATTCAAATTTTCAGTCATTTTTTTGGCGGGAATTTCAAAAATTCAAATTTTCAGTCAATTTTTGGCGGGAAATTCAAAAATTCAAATTTTCAGTCATTTTTTGGCGGGAAATTCAAAAATTCAAATTTTCAGTCAA,TTTTTTGGCGGGAAATTCAAAAATTCAAATTTTCAGTCATTTTTTGGCGGGAAATGCAAAAATTCAAATTTTCAGTAATTTTTTGGCGGGAAATGCAAAAATTCAAATTTTCAGTCATTTTTTGGCGGGAAATTCAAAAATTCAAATTTTCAGTCATTTTTTGGCGGGAAATGCAAAAATTCAAATTTTCAGTCAATTTTTGGCGGGAAATTCAAAAATTCAAATTTTCAGTCATTTTTTGGCGGGAAATTCAAAAATTCAAATTTTCAGTCATTTTTTGGCGGGAAATTCAAAAATTCAAATTTTCAGTCAATTTTTGGCGGGAAATTCAAAAATTCAAATTTTCAGTCATTTTTTGGCGGGAAATTCAAAAATTCAAATTTTCAGTCAATTTTTGGCGGGAAATTCAAAAATTCAAATTTTCAGCCAATTTTTGGCGGGAAATTCAAATTTTCAGCCAATTTTTGGCGGGAAATTCAAAAATTCAAATTTTCAGTCATTTTTTGGCGGGAAATTCAAATTTTCAGCCAATTTTCGGCGGGAAATTCTAAATTTCAGTCAATTTTTGGCGGGAACTTCAAAAATTCAAATTTTCAGCCAGGCGGGAAATTCAAAAATCGGCAAAAATTAATGAAATATTACACATTCGGATATACATTTTTCGGCGAATGCATAATATTTTTTGAAAAAATAATAATTCAGACGGAAAACCAGAAGCAGAAGAGACTTGAAATTTCGATTTGTTTTATAAGGAAAATTTGAAATTGGCGCCAAGAAAATTTTCGGCGGGAAATTCAAAAATTCAAATTTTCAGTCAATTTTTTGCGGAAAAAACTTTTTAAATCGAATAAAATTCATATAAAAAAACGGAAAATTCAAAAAACAAAAAATATAATGTTGTGGAAATTAGAGAGGAGGATTGAACACTTTTGAGGTCAAATTTGAGATATTTTCAGGCTTCTGGGAGGCAAATCGACGATAAATTGGCTGGAAGGGGGAGGTAAGGCGGTAAAAAAAAAGGGAAAATTGGCTGGAAATTAGCAGAAAATTGAGTTTTTTACTCAAAAATTCCAGCATTTGGGGGAAAAAGCACAAAAAATTGGGGAAAAAATGCAACAAAAAAAAAACGTTAAAAAGACACATTTCAGGGGAATATTAAGGGCACTTTAGGTGGAAAAAATCAAAAAATTTCAAAAAAAAATTAGGGTTACTGTAGGGAAAATTGGCAGGATATACAGATAAATTGACAAAAAAAAAGCAGTGAAAAAATGCGAAAAAAAAATGGGTGAAATATTACACATTCGCAGAAAACGGGGGCGGAGCCTAAACAATTTTCGACGAATGTATAATATTTTTCGAAAAATCAAAAAATCAAAAATTTCAGACGGAAAACAACCGGGGGGACAGAGGAGACATTGGGTAAGAATATTGAATTTTTCATATTTTTTAGAAAATTTTTTGAAATTGGCGCCAAAAAATTCAAATTTTCAGTCATTTTTTGGCGGGAAATTCAAAAATTCAAATTTTCAGTCATTTTTTGGCGGGAAATGCAAAAATTCAAATTTTCAGTAATTTTTTTGGCGGGAAATGCAAAAATTCAAATTTTCAGTCATTTTTTGGCGGGAAATTCAAAAATTCAAATTTTCAGTCATTTTTTGGCGGGAAATGCAAAAATTCAAATTTTCAGTCAATTTTTGGCGGGAAATTCAAAAATTCAAATTTTCAGTCATTTTTTGGCGGGAAATTCAAAAATTCAAATTTTCAGTCATTTTTTGGCGGGAAATTCAAAAATTCAAATTTTCAGTCAATTTTTGGCGGGAAATTCAAAAATTCAAATTTTCAGTCATTTTTTGGCGGGAAATTCAAAAATTCAAATTTTCAGTCAATTTTTGGCGGGAAATTCAAAAATTCAAATTTTCAGTCATTTTTTTGGCGGGAATTTCAAAAATTCAAATTTTCAGTCAATTTTTGGCGGGAAATTCAAAAATTCAAATTTTCAGTCATTTTTTGGCGGGAAATTCAAAAATTCAAATTTTCAGTCAA,1495,Insertion,No,"An insertion sequence originally exists in the ancestor, that expanded","Existing variant in the ancestor, second called in line",Low complexity region in an intronic region,Expansion of a 39-mer repeat sequence in an intron,Y43F8C.6,Intron,Predicted to be part of MLL1 complex and NURF complex. Is an ortholog of human C17orf49 (chromosome 17 open reading frame 49).,Transcription Factor Binding Site,1,Yes,PASS,No,No,-,Yes,39,AAAAATTCAAATTTTCAGTCATTTTTTGGCGGGAAATTC